tenure_months,monthly_charges,num_support_tickets,churned
25.102,36.59,1,0
34.024,82.466,2,0
22.047,72.225,1,1
19.741,53.906,0,0
36.951,91.367,1,1
21.04,15.0,1,0
28.152,78.667,2,0
26.274,110.486,1,0
36.929,105.999,2,0
17.271,79.745,2,0
45.547,62.458,2,0
14.071,54.105,2,0
29.432,62.427,2,1
27.1,83.595,2,0
13.068,49.819,3,1
31.141,88.936,0,0
18.286,123.329,1,1
9.753,68.453,1,0
33.866,36.39,3,0
6.79,36.381,1,1
11.36,89.414,2,0
21.863,68.506,0,1
36.765,91.921,2,0
32.469,56.659,0,0
24.822,90.766,0,0
4.854,66.043,1,0
13.562,51.687,2,0
16.033,59.975,1,0
9.362,40.074,0,0
3.617,119.734,1,1
22.629,67.59,3,1
33.166,86.113,1,0
15.069,56.578,1,1
36.454,43.702,1,0
6.032,64.153,2,0
8.87,97.53,1,0
22.289,56.982,1,0
14.084,48.237,0,1
31.341,73.887,2,0
27.944,82.476,1,1
14.886,111.071,0,1
6.606,78.844,2,1
13.574,86.1,1,0
28.41,87.982,2,0
32.18,41.175,2,0
14.133,45.917,0,0
3.594,42.903,0,0
5.71,36.696,1,1
26.855,89.886,2,0
14.695,77.251,2,1
14.973,71.987,2,1
8.743,15.0,2,0
8.597,121.387,3,1
36.047,47.643,0,0
27.513,121.295,1,1
12.135,33.769,2,0
21.138,49.69,4,0
23.825,15.0,0,0
56.492,79.053,3,0
7.965,42.469,1,0
23.605,43.175,1,0
35.928,35.687,1,0
52.313,89.434,2,0
11.636,87.787,3,1
14.549,115.301,0,1
31.542,52.857,2,0
4.772,75.47,0,1
25.261,37.767,2,1
69.622,61.624,3,0
27.131,57.029,2,0
1.817,81.611,2,1
9.865,95.426,0,1
11.937,94.777,2,1
41.476,48.93,1,0
17.642,94.962,3,1
3.657,68.898,3,1
19.178,61.885,0,0
22.087,52.287,1,0
13.219,56.002,2,1
8.465,113.558,2,1
72.0,77.685,1,0
36.005,74.365,1,0
38.181,63.444,2,0
17.67,131.149,2,1
11.474,102.625,3,1
13.747,51.973,1,0
6.016,63.16,1,1
55.793,64.644,0,0
18.218,73.647,2,0
47.822,52.469,2,0
14.285,80.97,0,1
27.405,106.302,0,1
22.975,37.159,0,0
5.41,41.796,3,1
60.35,57.921,0,0
14.632,59.08,0,0
7.285,119.962,1,1
31.714,95.043,0,0
19.921,93.608,2,1
25.699,63.391,1,0
21.436,62.842,0,1
2.085,33.707,0,0
9.574,89.544,2,1
9.247,82.276,1,0
37.809,102.15,2,0
20.478,64.729,3,1
28.563,66.456,3,0
15.341,74.251,3,1
29.548,92.297,0,0
17.701,33.245,0,0
16.729,88.401,0,1
22.862,69.488,0,0
21.435,43.534,1,1
72.0,17.885,2,0
9.48,66.588,0,0
4.816,106.193,2,1
25.299,111.867,0,1
10.698,78.884,1,1
1.769,119.05,1,1
7.643,68.926,0,0
72.0,93.833,1,0
9.259,58.719,2,1
3.258,57.135,1,1
72.0,53.062,2,0
7.366,18.487,1,0
72.0,102.177,1,0
14.82,53.959,0,0
60.513,49.964,1,0
16.436,40.501,3,0
27.52,64.891,2,0
17.998,114.087,0,0
16.532,122.344,1,1
23.817,28.478,3,0
28.231,61.139,1,0
22.506,44.141,2,0
20.835,94.708,0,1
10.775,77.165,1,1
18.53,54.086,1,0
55.617,71.814,0,0
10.355,58.065,0,0
24.325,110.356,1,1
44.71,83.674,2,0
28.399,86.746,0,0
38.083,15.0,0,0
7.258,68.33,2,0
24.37,122.08,0,1
15.807,103.153,1,1
16.345,23.823,1,0
52.554,62.164,1,1
16.551,39.962,1,0
24.945,112.778,1,0
3.263,76.107,1,0
60.469,50.805,0,0
36.589,70.854,1,0
19.065,15.0,0,0
15.253,42.876,3,0
30.453,70.911,2,0
44.348,91.142,1,0
61.008,21.467,2,0
35.765,60.471,1,0
21.049,95.242,1,0
39.581,33.714,1,0
34.733,75.73,0,0
21.111,71.649,1,0
34.033,112.86,0,1
33.592,64.247,2,0
18.981,65.71,3,1
12.997,91.374,1,0
31.592,36.841,0,0
8.047,64.478,1,1
6.453,58.607,0,0
25.233,66.527,2,1
30.991,91.21,4,0
25.095,83.854,0,0
27.122,51.283,2,0
30.622,73.417,2,0
52.686,107.261,1,0
36.191,49.216,0,0
35.441,73.629,2,0
23.829,65.171,0,0
24.487,68.425,1,0
17.8,29.234,1,0
26.547,105.269,2,0
7.675,50.641,1,0
52.849,95.652,3,0
9.775,54.466,3,0
36.14,54.362,0,0
48.461,100.328,2,0
36.081,94.847,1,0
72.0,75.217,1,0
2.249,89.029,5,1
13.714,62.786,3,1
47.92,69.791,0,0
6.201,53.459,2,1
10.047,92.602,1,1
29.269,52.665,0,0
20.854,107.129,1,1
27.994,62.104,0,0
22.219,70.513,0,0
23.765,88.968,2,0
10.949,70.597,0,0
23.206,62.552,1,1
14.499,69.249,1,1
16.158,92.345,1,1
35.8,53.429,1,0
5.888,66.844,0,0
1.256,70.257,0,0
34.002,91.615,0,0
23.223,67.504,0,1
48.425,115.207,1,0
10.291,66.087,1,1
18.519,64.058,4,1
21.461,65.724,2,1
12.133,37.084,0,0
9.155,44.082,1,0
35.211,56.733,0,0
5.32,98.396,1,1
7.823,69.172,3,1
18.037,57.884,2,1
38.103,100.663,0,1
12.817,108.779,2,1
11.48,101.385,2,1
17.209,48.673,0,0
26.147,57.619,1,0
15.146,115.343,0,1
41.508,76.028,2,1
42.713,63.309,1,0
18.036,87.959,3,1
68.007,95.182,2,0
21.094,55.714,2,1
41.735,75.486,0,0
25.616,93.164,1,0
25.268,40.993,2,0
4.099,70.309,0,0
7.203,42.14,1,0
15.793,45.41,1,0
42.493,55.922,1,0
25.885,81.928,0,0
15.91,61.949,2,1
31.207,53.79,1,0
41.423,71.289,3,0
20.098,41.326,0,0
23.659,80.72,3,0
21.452,98.285,2,1
19.133,68.02,2,0
10.192,64.934,1,0
9.496,79.336,1,1
31.068,19.288,0,0
41.965,83.42,0,0
15.885,147.547,0,0
15.589,66.933,0,0
2.929,67.022,1,0
2.295,88.59,0,1
49.443,111.133,0,0
10.796,94.374,1,1
72.0,16.11,3,0
12.523,84.085,2,1
4.255,134.298,2,1
21.581,85.561,1,0
34.923,41.135,0,0
32.243,77.046,1,0
37.382,37.983,0,0
8.421,100.82,0,1
48.652,46.103,2,0
50.583,71.856,2,0
52.071,48.555,1,0
24.273,56.339,2,0
14.903,107.154,2,1
13.825,72.586,3,0
4.228,56.02,0,1
12.761,41.369,3,1
1.113,23.207,0,0
3.599,38.718,0,0
24.087,72.799,1,0
16.326,94.506,2,1
23.319,55.991,1,0
33.071,109.264,0,0
26.578,52.062,1,0
24.953,64.05,0,0
18.681,43.011,0,0
10.45,94.769,0,1
6.252,122.438,2,1
13.05,25.955,1,0
18.925,61.346,1,1
20.803,101.619,1,1
37.438,33.826,1,0
17.627,84.167,1,0
29.756,100.537,1,0
4.909,71.956,2,1
24.34,83.757,0,0
23.088,114.023,1,0
48.663,118.711,1,0
16.338,68.451,1,1
15.785,56.691,0,0
33.234,47.0,1,0
6.749,94.424,0,1
23.874,35.706,3,1
6.411,63.686,2,1
63.564,72.567,0,0
14.125,57.425,3,0
5.995,76.996,3,1
12.971,134.113,0,0
23.982,66.96,2,0
29.094,59.115,3,1
46.953,95.383,1,0
11.67,75.99,2,1
34.3,105.983,1,0
3.603,74.117,1,0
7.875,63.789,0,0
5.058,25.407,1,0
9.926,29.507,2,0
33.222,24.108,0,0
11.917,79.483,2,0
13.921,35.944,2,0
24.462,101.389,2,1
28.223,70.756,1,1
14.277,63.895,0,1
7.823,48.904,0,1
56.776,85.556,3,0
14.356,49.888,2,0
15.565,45.366,0,0
17.2,99.709,1,1
30.389,78.866,2,1
4.633,64.127,3,1
71.632,86.036,2,0
15.216,70.223,1,0
31.126,79.575,1,0
6.066,49.579,0,0
22.656,121.76,1,1
64.456,55.51,0,0
58.564,108.9,1,0
30.547,65.278,0,0
9.332,90.177,2,1
45.279,88.356,2,0
3.572,98.671,0,1
9.024,48.984,2,0
18.762,96.891,0,0
3.96,116.161,0,1
12.946,63.533,0,0
34.789,70.868,4,1
10.854,56.914,1,0
35.944,61.339,1,1
72.0,112.786,1,0
26.628,44.894,0,0
35.51,46.447,1,0
46.334,110.273,1,1
13.985,85.614,1,0
34.923,123.009,2,0
13.701,58.739,0,0
25.271,73.157,1,0
38.672,53.483,2,0
9.732,73.583,1,0
1.289,25.648,1,0
8.909,87.124,0,0
42.671,78.087,1,0
7.904,68.561,2,0
41.054,60.241,1,0
8.95,47.631,0,0
16.761,88.193,2,0
19.789,40.723,0,0
7.868,82.797,1,1
16.91,121.861,3,1
4.241,107.138,1,1
15.041,32.372,4,0
18.547,56.582,1,0
1.39,80.536,2,1
8.839,68.243,1,0
24.705,35.015,1,0
7.026,79.633,2,0
27.771,69.75,0,0
29.762,117.858,1,1
24.626,63.669,1,0
34.631,99.2,0,0
3.938,38.323,1,0
39.879,44.3,4,0
7.989,88.042,2,1
21.574,97.093,1,1
62.773,46.065,0,0
14.776,70.602,2,0
20.178,35.461,1,1
8.036,65.47,2,1
62.362,90.923,2,0
8.857,59.126,0,1
31.636,63.774,0,0
46.278,41.755,4,0
33.794,53.791,0,0
25.758,113.953,2,1
21.324,71.823,0,0
6.003,44.942,3,0
60.523,62.131,1,0
24.22,30.064,0,0
20.187,44.646,5,0
7.393,104.008,2,1
20.95,66.438,1,0
19.217,117.268,0,0
62.772,67.616,1,0
20.178,69.101,0,0
20.693,86.022,2,1
7.481,15.0,1,0
10.525,75.123,0,1
29.011,68.775,0,0
3.126,107.151,0,0
39.731,94.117,0,0
40.473,41.658,0,0
9.557,101.053,1,1
25.828,63.442,1,0
47.307,47.389,2,0
18.021,74.928,2,1
15.453,64.931,0,1
17.03,108.462,2,0
24.179,78.516,0,0
11.763,75.141,0,1
14.396,92.516,1,0
24.538,97.322,0,0
13.433,89.59,2,1
6.859,105.487,0,1
2.8,85.217,1,0
20.483,74.191,2,0
45.323,100.979,1,0
26.782,67.728,1,0
7.122,70.831,1,1
10.457,113.039,1,1
15.359,110.548,1,1
64.104,69.796,1,0
66.41,58.661,4,0
61.327,106.579,1,0
22.1,90.01,1,0
72.0,77.89,0,0
10.922,61.953,1,1
14.902,78.292,1,0
37.636,69.457,3,1
24.634,53.392,0,0
25.681,73.226,0,0
8.318,76.636,0,0
19.109,60.615,1,0
11.065,92.596,0,1
5.58,102.221,0,0
12.239,94.247,1,0
24.639,63.094,1,0
33.45,88.896,0,0
2.677,71.949,1,0
19.81,39.106,3,0
18.44,86.818,2,0
23.702,73.653,2,0
7.253,134.839,0,0
7.394,106.432,0,0
46.15,87.779,1,0
9.671,76.229,1,0
14.317,74.093,2,0
15.549,44.908,1,0
11.249,26.525,0,0
28.374,48.186,3,0
26.665,68.807,3,0
17.802,17.362,0,0
11.826,56.392,0,0
16.707,63.81,1,0
21.103,64.614,1,1
10.468,53.457,0,0
29.901,61.462,1,0
39.528,113.097,1,0
51.523,86.554,1,0
49.43,55.992,0,0
15.468,68.291,0,0
21.904,69.292,0,0
17.535,50.801,1,0
17.484,50.772,1,0
16.613,95.263,1,0
20.093,59.505,4,1
44.029,42.633,1,0
25.19,68.921,2,0
6.944,72.95,3,1
38.39,20.682,0,0
23.461,68.981,0,0
28.607,91.699,1,0
24.826,81.281,0,0
25.667,125.745,1,1
26.537,101.278,3,1
3.419,106.223,0,1
28.347,140.002,0,1
10.872,88.954,2,0
13.4,74.077,3,0
19.97,94.344,1,1
56.961,56.019,0,0
8.144,72.692,3,1
19.453,53.807,1,0
16.293,79.95,1,0
38.01,53.702,0,0
15.931,52.827,2,0
23.66,80.337,2,0
8.166,66.557,2,1
42.459,21.812,2,0
5.101,33.611,0,0
28.072,41.318,1,0
23.77,47.926,0,0
26.379,80.361,1,0
5.18,75.473,3,1
15.669,96.632,2,1
36.745,88.82,2,1
62.666,96.798,1,0
18.348,85.21,0,0
34.387,75.242,0,0
22.095,97.484,0,1
19.096,92.985,2,1
14.242,79.402,2,0
20.046,101.777,0,0
32.28,15.0,3,0
34.152,62.738,3,0
6.321,62.355,3,0
13.202,98.817,1,1
7.786,109.285,1,1
20.819,33.746,1,1
15.222,105.279,2,1
25.741,40.714,2,0
27.045,41.47,3,0
1.67,64.143,1,0
19.928,62.045,0,1
44.617,31.04,2,0
13.207,86.247,1,1
12.886,86.985,0,1
39.497,96.351,0,0
35.258,59.164,0,0
8.555,69.01,3,1
32.891,69.239,1,0
10.362,112.2,2,0
12.773,15.0,2,0
8.548,46.076,2,0
6.271,70.139,0,1
21.747,42.861,3,1
5.351,63.542,1,1
22.412,66.848,0,0
21.89,53.558,2,0
17.712,71.612,1,0
13.729,85.704,1,0
11.586,64.093,0,0
7.566,58.67,0,0
51.78,65.856,3,0
17.102,69.814,1,0
16.654,26.492,0,0
8.929,81.539,1,1
48.183,58.725,2,0
12.22,101.538,0,0
24.019,84.776,1,0
27.478,99.252,0,1
21.759,44.725,1,0
5.219,60.715,1,0
31.923,38.939,0,0
12.114,52.37,2,0
35.016,101.303,0,0
18.979,107.187,1,1
28.682,41.297,1,0
46.07,58.543,1,0
31.102,68.095,3,1
29.179,84.64,2,0
32.938,26.005,1,0
10.043,29.925,1,0
36.045,82.241,0,0
16.08,21.274,0,0
16.502,58.83,3,1
21.249,74.052,1,0
14.909,80.392,1,1
8.261,66.457,1,1
20.048,60.856,2,1
16.564,91.114,1,0
16.1,77.13,2,1
18.513,53.825,1,0
1.927,70.943,0,0
16.195,79.579,3,1
49.95,112.956,0,0
47.337,89.658,1,0
20.582,100.364,0,0
20.059,54.735,2,0
1.29,56.895,2,1
12.71,64.116,1,1
32.709,66.411,0,0
14.618,44.799,2,1
40.581,101.648,2,0
38.927,92.084,2,1
12.502,62.358,3,1
21.763,86.043,0,0
52.597,75.572,0,0
5.096,87.996,3,1
14.884,36.392,0,0
4.558,66.358,0,0
9.408,68.549,3,1
62.911,85.591,2,0
14.88,54.289,0,0
2.611,15.0,4,1
8.182,42.958,0,0
4.042,68.474,2,0
22.392,71.597,2,0
27.19,112.094,2,0
36.378,84.569,1,0
31.493,72.038,0,0
5.357,69.19,1,0
26.211,97.605,4,1
17.894,55.247,0,1
40.021,66.493,1,0
34.017,42.769,2,0
68.34,105.473,1,0
8.806,79.812,1,0
7.677,52.312,1,0
13.374,67.139,2,1
18.455,82.741,0,0
11.268,63.732,2,0
9.235,56.638,2,1
24.972,53.643,1,0
13.34,78.474,0,0
10.857,61.049,1,0
5.347,58.656,2,0
1.472,36.598,1,0
48.349,71.941,3,0
47.396,65.469,0,0
34.738,61.959,0,0
29.265,74.969,2,0
12.331,88.7,1,0
30.116,87.539,3,1
7.161,83.818,1,0
21.37,63.983,2,0
10.063,55.825,2,0
30.205,43.902,1,0
54.962,55.171,5,0
8.153,70.491,0,0
12.85,50.343,3,1
21.072,72.401,0,1
3.033,45.864,0,0
4.263,28.475,1,0
53.902,90.485,1,0
25.052,58.14,1,0
11.758,49.074,3,0
19.409,42.654,2,0
13.421,80.576,1,0
21.547,104.373,0,1
13.842,59.923,2,0
18.264,64.611,0,0
32.11,96.791,3,1
30.677,24.739,3,0
51.904,119.172,4,1
26.354,131.103,1,0
20.364,15.0,1,0
57.06,67.562,0,0
16.809,52.026,2,0
1.698,63.381,0,1
35.036,59.54,1,0
24.136,90.294,2,1
19.642,67.186,1,0
35.678,47.227,3,0
13.94,65.695,1,1
1.825,82.87,0,0
36.166,40.407,0,0
11.404,28.844,0,0
8.463,119.819,0,1
1.97,53.939,1,0
34.099,66.566,3,0
0.929,60.055,1,1
45.825,83.702,1,0
15.085,114.32,4,1
35.233,84.498,4,1
26.933,32.041,1,0
64.065,35.397,0,0
26.41,60.026,1,1
44.691,63.294,1,0
12.51,26.951,3,1
4.244,90.484,0,0
39.044,42.842,1,0
4.102,107.333,3,1
33.839,115.516,2,0
7.543,63.794,1,1
24.483,80.974,1,1
64.852,39.201,2,0
32.021,85.592,1,0
16.867,57.545,0,0
27.386,42.819,0,0
12.9,62.767,0,0
72.0,58.356,6,0
10.665,61.871,0,0
18.356,93.742,2,0
30.036,50.367,1,0
25.975,113.376,1,1
28.126,36.874,2,0
13.128,110.386,0,1
16.318,44.587,3,1
37.819,69.975,2,0
36.547,57.745,1,0
26.426,61.407,1,0
48.452,90.034,1,0
38.853,107.496,4,0
35.791,99.763,1,0
4.015,59.879,2,1
26.196,74.606,0,0
22.874,50.448,2,0
52.617,45.211,0,0
17.556,41.342,1,1
21.495,59.061,1,0
7.448,76.24,1,1
8.903,22.205,2,1
52.729,68.841,1,0
28.049,107.901,0,0
64.947,98.048,0,0
17.304,55.37,3,1
5.145,35.078,0,0
15.389,81.496,0,0
13.309,15.0,4,1
32.807,97.754,1,0
31.891,64.66,1,0
29.05,115.783,1,0
72.0,26.826,0,0
46.584,92.954,1,0
9.49,67.487,2,1
39.726,61.724,0,0
20.437,35.754,0,0
16.928,84.894,2,1
50.507,86.903,1,1
8.942,114.628,0,0
37.934,95.201,0,0
33.915,55.153,2,1
8.784,44.903,2,0
3.857,35.788,0,0
18.735,106.831,1,1
42.874,50.546,2,0
26.123,107.006,1,0
51.593,83.127,1,0
24.838,78.248,1,0
53.891,62.328,1,0
12.146,86.517,1,0
28.985,69.613,0,0
14.481,60.77,3,1
18.282,87.4,1,0
21.439,66.401,2,0
26.062,50.042,2,0
10.744,84.996,1,1
28.0,68.4,2,0
20.63,82.223,2,0
5.462,58.654,1,1
3.213,39.772,1,1
42.982,113.377,0,1
17.582,108.665,1,1
4.854,92.095,0,0
59.776,60.305,0,0
30.058,62.492,3,0
25.559,104.558,1,1
9.898,61.154,2,1
5.379,54.186,1,0
22.899,116.806,1,1
19.651,68.808,4,1
7.568,114.211,2,1
7.309,35.04,0,0
6.95,82.955,0,1
6.712,121.777,0,0
11.8,70.744,2,0
25.566,63.4,1,0
28.764,40.806,1,0
19.339,97.059,0,0
22.121,50.747,0,0
29.75,67.63,1,0
2.271,39.137,1,0
23.438,108.922,0,0
47.989,98.872,1,1
17.221,69.21,4,1
41.802,41.146,3,0
17.475,108.398,2,1
31.168,60.852,2,1
25.186,42.37,1,1
6.838,25.947,0,1
8.515,53.851,3,1
53.889,33.634,0,0
36.038,54.429,2,0
18.418,88.61,1,0
16.553,60.615,2,0
9.959,78.892,3,0
26.774,51.917,5,0
10.746,71.629,0,1
14.856,118.023,2,1
11.759,61.288,5,1
34.492,79.611,1,0
17.825,30.862,0,0
22.247,108.003,3,1
6.975,58.07,2,0
11.689,96.263,1,1
22.617,66.92,3,0
4.112,85.289,0,1
16.783,86.775,1,0
19.8,58.689,2,0
6.125,97.298,0,1
40.546,51.025,0,0
25.848,89.448,0,0
17.722,60.245,1,0
10.966,78.739,0,1
3.932,58.45,1,0
38.449,71.249,3,0
13.74,43.133,0,0
5.144,76.189,2,1
10.693,71.105,4,1
27.862,56.496,3,1
23.929,68.624,2,0
7.601,73.35,3,1
43.18,54.591,0,0
5.07,66.781,2,0
49.28,44.861,1,0
23.18,128.643,1,0
14.624,96.478,3,1
16.339,76.827,1,0
21.243,99.303,3,1
29.428,20.519,0,0
3.17,15.0,4,0
10.384,60.018,1,1
20.73,35.536,2,0
44.297,64.085,1,0
43.163,75.141,3,0
56.142,93.01,1,0
41.776,41.543,0,0
9.693,79.991,2,0
19.737,70.36,1,0
41.945,78.688,0,0
39.198,57.006,0,0
17.006,104.578,1,1
28.849,67.412,1,0
13.676,114.355,0,1
4.646,50.24,0,0
18.21,88.571,0,0
17.358,68.508,2,1
13.134,61.806,1,0
29.512,85.808,1,0
16.556,62.521,1,1
26.642,15.0,2,0
34.054,15.0,1,0
72.0,101.811,3,0
18.451,100.756,1,0
44.717,117.184,4,1
23.674,69.562,1,1
24.694,37.684,1,0
18.648,59.51,0,0
22.167,70.286,1,0
16.68,44.824,1,0
39.556,111.214,2,1
10.729,125.988,3,1
4.596,81.957,2,1
12.772,69.728,1,0
11.639,37.626,1,0
12.766,108.661,1,1
17.889,71.908,1,0
12.806,62.771,1,0
17.69,82.029,3,1
12.84,55.357,0,0
27.052,73.672,1,0
72.0,33.938,1,0
23.323,97.177,0,0
13.289,67.39,1,1
1.276,98.97,0,1
66.336,64.972,0,0
24.301,66.595,5,1
17.566,39.692,0,0
1.403,88.994,1,1
18.298,48.104,1,0
22.026,57.839,0,0
12.88,70.026,1,0
5.606,73.031,0,1
5.221,27.348,0,0
67.029,64.23,1,0
21.551,89.881,0,0
12.87,60.542,0,0
20.587,64.382,1,0
19.526,74.06,0,0
4.946,66.851,2,1
37.779,44.237,0,0
17.205,69.091,0,0
21.775,94.852,1,0
52.729,43.721,3,0
5.784,60.638,3,0
10.239,35.459,4,0
25.266,93.535,1,0
37.266,67.691,2,0
11.862,48.745,0,0
12.455,72.307,2,0
31.408,39.91,2,0
72.0,44.163,0,0
21.111,33.497,1,0
10.21,43.331,0,1
7.686,103.933,2,1
17.847,51.672,1,1
36.088,81.656,0,0
72.0,49.092,0,0
15.559,88.988,0,0
21.137,44.348,1,0
59.783,70.981,1,0
24.961,71.321,0,0
23.444,128.195,0,0
52.285,85.761,2,0
21.515,55.177,0,0
8.306,87.126,2,1
45.289,123.454,0,0
4.086,29.259,0,0
40.218,48.938,0,0
19.878,64.078,2,0
15.693,59.573,1,0
15.367,61.681,1,0
17.793,37.394,1,1
13.892,105.099,0,0
27.667,34.435,0,0
14.301,64.995,3,1
19.991,96.146,1,0
2.358,69.245,3,1
19.89,45.515,2,1
13.661,36.283,1,0
38.207,64.25,2,0
16.225,51.074,1,0
34.441,75.131,1,0
31.739,34.964,1,0
32.36,90.326,1,0
16.693,72.889,0,0
20.903,74.746,1,0
27.135,106.027,0,0
21.394,59.055,1,1
16.254,51.855,0,0
9.04,56.306,2,0
20.171,65.187,0,1
4.615,67.726,0,1
2.128,49.233,0,0
7.196,19.423,2,0
32.095,55.977,0,0
23.801,78.996,1,1
32.324,73.406,1,0
11.082,99.989,0,1
40.919,118.887,1,0
5.226,88.983,0,0
7.464,104.563,1,1
40.43,89.169,0,0
22.536,112.747,2,1
32.461,116.271,1,0
23.876,93.779,3,1
12.498,87.66,2,1
6.616,64.869,1,1
2.942,68.967,4,1
63.15,61.554,5,0
3.905,85.531,0,1
51.111,51.991,1,0
21.613,65.222,0,0
24.423,15.0,1,0
23.255,113.077,1,0
29.644,64.488,0,0
10.155,81.39,0,1
1.743,106.445,1,1
12.275,77.507,1,1
27.871,106.109,1,0
7.535,38.957,2,0
41.611,129.934,1,0
18.053,97.178,0,0
6.867,75.23,4,0
22.37,105.627,1,0
27.533,40.784,0,0
28.983,62.785,0,0
40.461,106.106,1,0
4.8,23.323,0,0
40.5,84.011,1,0
43.084,83.304,1,0
6.631,119.231,2,1
8.018,30.426,0,0
33.628,110.241,2,1
14.376,56.013,1,0
47.477,58.825,0,0
56.568,39.45,1,0
6.86,42.804,2,0
9.974,80.088,0,0
21.505,42.192,3,1
1.669,88.507,2,1
3.054,53.426,3,1
8.963,39.674,1,0
69.772,56.805,1,0
24.047,78.418,0,0
11.483,63.066,1,0
7.956,70.855,1,1
6.555,87.405,1,1
12.225,97.061,1,0
11.628,62.248,1,1
16.56,43.894,0,0
28.496,71.902,1,0
18.658,81.766,0,0
35.052,33.482,1,0
15.615,47.735,1,0
59.478,52.02,4,0
34.454,64.804,3,1
23.558,50.974,0,0
28.566,87.676,1,0
12.513,29.872,1,0
16.344,30.507,1,0
15.837,61.653,0,1
10.313,65.609,0,0
5.462,33.634,4,0
29.693,54.831,3,0
38.988,59.974,0,0
26.708,60.168,1,0
18.615,73.797,0,1
72.0,53.461,2,0
11.356,106.946,0,0
24.161,82.205,1,0
42.921,49.822,0,0
7.254,72.363,3,1
31.343,73.1,1,0
62.098,100.368,2,0
19.842,54.99,0,0
22.571,89.183,0,0
11.416,71.046,0,1
28.329,107.289,0,0
10.088,102.272,0,0
18.938,74.924,1,0
4.766,63.443,4,1
0.707,82.665,0,0
13.47,65.489,1,0
13.288,112.008,0,1
14.46,71.962,0,0
33.724,59.859,1,1
39.752,58.51,1,0
24.92,39.674,1,0
32.067,83.914,2,1
10.351,49.5,1,1
8.212,97.454,2,1
28.748,37.677,0,0
7.16,73.181,0,0
6.394,98.756,0,1
72.0,16.194,0,0
20.845,120.457,0,0
13.295,59.368,4,1
12.04,73.527,0,0
4.915,84.286,1,1
24.532,88.153,3,1
15.584,76.847,1,1
38.973,94.935,0,0
29.399,82.977,0,1
15.154,114.022,0,0
2.344,83.058,1,0
20.888,119.116,0,0
19.471,92.527,2,0
1.743,24.856,1,0
26.996,135.278,1,1
6.923,55.641,1,1
40.388,107.389,1,0
18.56,70.67,1,0
11.749,96.527,0,1
23.177,52.788,2,1
22.113,85.644,0,0
21.502,63.67,2,0
36.751,109.475,0,0
24.245,80.967,1,0
10.854,93.399,0,1
15.973,15.898,1,0
50.499,67.861,2,0
10.008,80.264,3,1
26.679,75.59,0,0
37.699,94.029,0,0
28.58,60.852,1,0
20.987,71.22,0,0
23.521,99.531,1,1
29.892,15.0,3,0
9.901,84.734,2,1
19.569,61.653,2,0
72.0,47.192,0,0
27.281,78.414,1,0
21.557,100.686,2,0
14.696,95.979,2,0
10.002,66.622,4,0
24.11,91.894,1,1
25.362,91.702,0,1
18.565,67.816,1,1
72.0,52.673,2,0
10.796,54.119,2,1
8.662,90.946,2,1
14.87,68.946,1,0
19.032,43.845,2,0
9.541,27.878,1,0
23.68,90.796,3,0
25.607,56.331,0,0
32.439,78.26,0,0
12.96,100.993,0,1
47.688,37.277,1,0
30.913,68.872,2,0
10.603,65.733,0,1
9.503,79.494,1,0
15.708,100.979,1,0
25.652,36.764,1,0
28.416,84.245,0,0
30.872,95.788,1,0
72.0,65.341,0,0
3.338,66.564,1,1
18.172,80.461,0,0
70.128,78.62,0,0
33.489,84.559,0,0
8.171,84.032,1,0
22.802,45.451,2,0
17.335,94.757,1,1
16.849,99.17,0,1
12.752,74.652,0,0
21.44,32.646,1,0
41.852,67.131,2,0
13.733,74.86,1,0
31.034,41.385,2,0
34.914,60.997,2,0
47.426,34.766,0,0
9.356,85.182,1,0
20.175,74.149,5,1
11.534,28.855,1,0
21.47,78.787,1,0
21.362,68.587,1,1
7.343,82.91,1,1
22.43,60.212,1,0
72.0,49.963,2,0
28.495,50.729,1,0
5.954,56.546,1,1
8.834,70.471,3,0
19.4,73.699,1,1
9.023,65.232,3,1
45.731,59.417,1,0
5.247,61.215,2,0
28.637,132.693,0,0
4.139,50.732,0,0
19.164,56.051,0,0
7.856,152.346,2,1
32.389,80.525,1,1
40.671,35.5,4,0
25.597,91.067,0,0
41.947,47.249,2,0
1.152,92.727,1,1
22.218,64.726,0,0
28.349,59.005,1,0
30.984,110.229,3,1
27.169,84.16,2,1
31.46,94.325,1,0
22.03,80.873,1,0
6.015,58.889,0,0
12.672,85.284,2,1
45.889,100.23,0,0
42.466,73.368,0,0
27.978,115.041,1,1
32.868,91.262,1,0
39.129,75.3,3,0
27.748,76.287,2,1
45.017,73.431,0,0
44.02,38.719,0,0
72.0,67.748,2,0
13.124,75.53,0,1
13.326,59.598,3,0
26.285,78.442,4,1
67.461,70.533,2,0
47.408,89.342,1,0
35.729,86.578,2,1
49.582,74.179,0,0
28.712,35.82,1,0
15.858,114.768,1,1
72.0,66.453,2,0
27.228,67.978,2,1
43.376,61.437,0,0
1.138,57.79,1,0
1.556,108.601,1,1
22.742,104.651,0,0
9.027,81.11,1,0
24.318,67.312,2,1
13.311,85.478,0,1
72.0,71.845,1,0
41.063,65.244,1,0
52.79,78.453,0,1
2.069,58.971,0,0
35.395,76.307,0,0
17.39,75.106,1,0
53.46,85.073,1,0
31.887,54.522,2,0
19.428,87.753,1,1
6.685,47.342,1,0
22.416,55.686,1,0
45.192,56.777,2,0
55.514,43.199,0,0
15.024,95.392,2,0
72.0,45.774,1,0
42.837,52.527,0,0
9.201,101.385,2,1
7.335,55.735,3,1
18.274,65.296,1,0
14.993,44.699,5,1
28.877,90.824,2,1
20.668,91.168,0,0
16.052,88.474,2,0
4.412,83.438,3,1
32.579,71.84,1,0
3.996,56.891,0,0
42.932,49.626,0,0
2.407,102.248,0,1
3.732,89.12,0,1
9.161,52.667,1,0
13.905,70.996,0,0
11.588,62.497,3,1
13.855,41.795,0,0
24.68,74.441,3,0
9.361,59.613,1,0
24.851,46.187,2,0
1.164,33.022,0,0
9.037,30.905,0,0
3.519,60.714,0,1
42.594,67.873,2,0
10.536,48.117,1,0
31.146,86.268,2,0
2.803,68.361,4,1
54.901,84.422,1,0
21.605,65.427,1,0
19.74,50.322,0,1
4.472,72.853,0,1
8.009,38.433,2,0
16.472,83.486,1,1
8.309,46.571,1,1
39.727,92.956,0,0
21.106,61.539,3,1
8.408,96.563,1,1
35.568,41.934,2,0
14.721,53.056,1,0
34.435,79.523,1,0
12.803,99.262,2,1
29.609,111.665,0,0
14.29,71.034,1,0
39.737,115.944,2,1
2.882,62.758,1,0
6.146,97.469,0,0
17.699,46.445,0,0
10.969,80.505,3,1
13.922,15.0,4,1
32.107,41.96,5,0
13.674,81.667,3,1
25.519,37.189,0,0
8.977,80.674,1,0
2.149,92.661,4,1
34.283,57.467,0,0
63.404,45.776,5,0
23.561,58.145,2,0
18.486,45.855,0,0
21.706,67.47,0,0
49.837,72.552,0,0
23.775,62.35,1,0
35.476,111.859,1,1
34.368,52.015,2,0
42.101,104.786,0,0
18.168,43.969,4,0
12.654,71.819,1,1
29.85,99.578,1,0
40.049,98.284,1,0
45.418,59.494,0,1
54.049,83.877,0,0
37.558,80.529,1,0
12.054,56.502,1,0
23.54,85.399,1,0
21.979,116.562,2,1
20.171,81.793,0,0
29.894,84.159,0,0
16.847,86.804,1,0
16.867,33.476,2,0
65.997,81.506,1,0
18.935,44.581,0,0
41.89,55.253,0,0
43.584,124.049,0,0
24.035,63.668,0,0
17.41,51.496,3,0
9.323,98.815,2,0
3.927,46.308,1,1
31.46,58.815,2,0
27.005,101.226,1,1
34.848,71.069,0,0
13.363,30.96,1,0
70.476,83.6,0,0
28.785,60.088,0,0
18.37,108.496,4,1
1.968,54.845,1,0
14.671,96.281,1,1
36.03,114.392,3,1
53.106,48.726,0,0
20.722,65.17,1,0
59.024,79.716,0,0
8.672,48.566,3,0
27.611,76.757,1,1
28.188,64.377,0,0
31.642,63.873,2,1
22.97,71.223,1,0
26.507,71.782,1,1
8.477,74.097,2,0
49.683,55.029,2,0
39.057,56.121,0,0
25.74,67.035,2,0
39.698,68.881,2,0
50.766,59.029,0,0
31.312,78.098,0,0
72.0,24.631,2,0
33.204,51.738,2,0
9.77,63.002,1,0
24.782,48.597,3,0
40.783,110.73,1,0
50.799,70.472,1,0
23.342,74.419,2,0
9.069,57.919,1,0
17.108,69.606,2,0
5.656,39.619,1,0
35.668,65.755,3,0
14.518,46.575,3,1
11.218,63.065,0,1
38.153,15.0,0,0
58.231,41.8,2,0
11.174,106.598,0,1
23.458,90.76,1,1
17.692,102.976,1,0
52.398,104.693,0,0
19.35,86.825,2,0
8.282,58.678,1,0
20.083,44.069,2,0
45.143,98.669,1,0
16.865,71.614,1,0
12.235,132.351,1,1
18.669,60.873,1,0
8.537,119.322,1,1
17.673,66.08,1,0
13.051,103.401,0,1
72.0,112.417,1,0
2.653,44.426,1,1
9.731,57.875,3,0
12.227,44.176,1,1
8.593,39.251,2,0
27.809,86.677,1,0
10.997,65.084,2,1
5.027,71.309,3,0
21.897,83.906,2,1
16.084,23.565,1,0
11.464,102.169,2,1
51.514,61.273,1,0
28.498,83.31,3,1
26.213,85.518,0,0
28.96,104.27,2,1
27.89,67.379,1,0
16.76,16.909,1,0
11.101,71.428,1,1
22.268,75.018,0,0
16.511,44.143,2,0
2.605,73.687,2,0
7.894,60.975,0,1
14.852,36.431,2,0
38.727,86.787,2,1
22.342,55.907,1,0
9.398,59.841,3,0
7.245,58.436,1,0
44.578,100.887,0,0
17.392,68.977,0,0
0.356,71.977,0,0
18.295,58.984,1,0
33.064,81.572,0,0
7.026,103.733,1,1
21.065,86.197,0,0
22.615,87.172,0,1
7.452,85.156,0,0
47.378,35.494,3,0
22.914,48.097,2,0
14.789,64.875,1,1
17.487,51.853,1,0
6.111,43.387,0,0
5.851,23.196,1,0
13.658,36.337,2,0
14.387,63.587,0,0
16.574,68.264,1,0
50.246,50.174,3,0
31.803,71.973,2,0
3.173,59.154,0,0
43.893,97.264,0,0
13.568,65.959,2,0
34.009,87.408,2,1
14.501,75.08,0,0
21.817,34.948,3,0
6.593,67.734,3,1
25.588,39.109,3,0
36.778,67.297,2,1
3.953,51.372,1,0
37.178,79.549,0,0
11.06,36.441,1,0
61.292,70.368,0,0
34.455,84.31,2,1
30.331,92.69,1,0
17.569,50.896,1,1
72.0,70.444,1,0
13.641,74.604,1,0
8.071,108.678,1,1
11.407,32.967,0,0
41.476,47.222,0,0
21.5,140.112,1,1
19.138,63.173,0,0
13.814,22.725,0,0
18.365,55.436,3,0
13.02,15.0,2,0
32.398,76.023,2,1
16.27,90.245,1,0
11.595,47.208,3,1
39.1,58.232,2,0
8.319,93.091,4,1
21.732,26.245,0,0
2.582,36.961,0,0
5.359,64.297,0,0
14.869,51.192,2,1
12.818,62.653,1,1
12.801,38.406,1,0
34.678,75.358,1,0
36.113,66.269,2,0
24.997,83.73,2,1
7.901,75.01,2,1
18.252,75.167,2,0
67.083,33.842,0,0
72.0,82.315,1,0
39.364,61.728,0,0
8.201,65.835,1,0
18.38,96.207,0,0
23.791,52.014,1,0
21.191,103.78,2,1
42.239,106.112,0,0
33.614,88.82,1,0
7.784,45.484,2,1
11.842,15.343,2,1
39.25,96.971,2,1
51.366,72.785,0,0
24.013,51.37,0,0
55.679,99.339,1,1
22.019,48.461,2,0
9.14,59.396,1,1
31.494,83.122,2,0
72.0,42.16,2,0
6.16,67.263,1,1
54.279,97.228,4,0
30.239,75.278,1,0
11.233,101.186,1,1
2.664,98.34,0,0
1.491,70.193,0,1
12.779,15.0,0,1
26.791,42.356,0,0
37.288,89.083,0,0
43.39,31.244,2,0
25.079,61.833,2,0
22.276,78.462,1,1
15.279,106.739,1,1
27.269,55.625,3,0
11.385,53.913,2,0
6.498,68.689,0,0
21.243,78.773,1,0
35.323,66.144,1,0
5.166,96.232,3,1
12.78,50.021,2,0
20.645,73.004,1,0
20.312,81.13,2,0
29.664,59.994,6,1
65.821,90.993,1,0
1.513,73.724,0,1
67.783,89.721,0,0
63.888,74.853,1,0
37.72,79.41,0,0
23.68,54.19,0,0
11.585,54.231,3,1
37.4,100.61,0,0
24.602,85.888,1,0
15.55,44.426,3,1
36.725,74.522,0,0
41.235,15.0,1,0
51.097,55.651,2,0
10.479,94.026,0,1
46.699,66.871,1,0
15.79,72.948,3,0
23.73,15.0,0,0
27.285,60.194,3,1
44.133,78.457,1,0
34.122,81.632,2,0
15.335,94.059,1,1
1.829,64.744,0,1
29.41,65.859,0,0
22.994,36.697,2,1
6.078,64.887,0,0
25.097,38.461,0,0
20.442,23.803,0,0
50.758,42.871,1,0
70.863,107.717,0,0
40.528,63.236,0,0
19.527,75.497,2,1
21.903,57.163,2,1
10.145,25.236,2,0
11.959,93.403,3,1
18.642,15.695,2,0
17.12,56.13,0,0
5.719,68.635,0,0
51.116,75.762,2,0
56.005,51.838,2,1
50.007,24.051,0,0
57.289,49.973,0,0
72.0,51.281,1,0
10.321,50.673,0,1
72.0,94.251,2,0
15.258,39.66,3,0
32.657,77.524,0,0
4.328,73.957,0,0
13.656,94.011,0,0
41.334,66.672,2,0
33.786,89.778,1,0
15.012,65.694,0,1
21.895,80.86,0,0
12.443,32.426,1,1
41.255,15.0,1,0
53.437,79.439,1,0
10.363,80.78,1,0
20.206,81.888,1,1
5.475,56.877,0,0
24.534,107.243,1,1
30.232,58.503,1,0
26.058,80.522,1,0
28.529,84.866,3,0
18.551,112.969,1,1
18.905,62.074,1,0
18.212,53.67,2,0
13.302,32.546,0,0
14.754,108.809,1,0
29.243,80.535,1,0
51.153,81.327,2,0
8.737,147.918,0,1
18.849,78.126,1,0
7.04,37.442,0,0
13.513,65.102,0,0
15.496,45.63,1,1
23.248,60.103,2,1
22.76,59.935,1,0
20.064,55.324,3,0
27.529,35.168,1,0
9.555,109.813,1,0
23.394,77.471,2,0
34.473,64.363,1,0
9.443,88.941,0,0
3.41,81.777,2,1
41.026,76.892,1,0
7.271,87.125,1,0
12.949,73.348,4,1
33.779,86.756,3,0
8.997,88.828,1,0
39.091,74.068,3,1
11.365,64.49,0,0
10.146,108.26,3,1
7.076,58.052,2,1
11.456,79.783,0,1
30.631,80.348,1,0
12.951,54.761,2,0
41.141,49.804,0,0
20.7,61.154,4,1
22.112,57.695,2,0
9.864,33.547,0,0
45.358,53.713,0,0
34.67,76.656,1,0
33.988,101.649,3,1
17.719,83.86,1,1
6.222,15.0,2,0
23.014,86.033,1,0
29.709,56.046,1,0
29.922,81.327,2,0
27.103,69.647,1,1
26.292,65.183,1,0
11.316,67.444,1,0
11.811,69.439,1,0
7.144,103.61,1,1
41.469,69.508,2,1
68.752,97.138,2,0
72.0,93.498,1,0
24.22,86.676,1,0
26.34,25.335,1,1
18.287,97.916,1,0
23.938,58.552,1,0
8.964,87.893,1,1
17.995,45.687,0,0
10.221,40.373,0,0
16.19,119.41,1,1
11.016,46.075,2,1
29.721,98.653,0,0
32.42,72.961,0,0
25.751,59.497,0,0
11.854,68.879,2,1
6.661,37.473,0,0
32.677,69.656,1,1
20.615,42.931,2,0
3.242,60.114,2,1
22.871,93.132,3,1
26.484,76.355,3,0
4.612,32.946,1,0
30.09,91.287,0,0
5.412,69.823,1,1
10.758,56.445,1,0
5.45,88.667,2,1
9.779,65.82,0,0
6.719,40.858,2,1
41.29,116.195,0,0
16.969,69.568,0,1
14.195,67.965,0,0
43.982,59.872,0,0
42.454,99.499,1,0
15.145,56.878,0,0
25.386,31.376,2,0
12.651,53.033,2,1
19.062,103.169,0,0
7.951,90.803,3,1
28.129,63.625,2,0
45.165,104.331,1,0
39.881,88.699,0,0
21.352,63.335,2,0
2.875,65.852,1,1
12.159,78.233,1,1
19.044,49.203,1,0
5.878,70.113,1,1
4.88,77.713,2,0
53.695,27.826,0,0
36.727,65.267,1,0
29.703,62.424,2,0
33.822,95.702,2,0
6.938,23.888,0,0
9.485,60.462,1,0
24.273,57.956,0,0
25.687,94.002,1,0
5.53,68.911,1,0
23.019,114.902,1,1
19.315,86.555,1,1
39.011,59.744,2,0
25.78,75.991,2,0
57.819,61.148,1,0
15.215,91.485,3,1
7.403,36.695,1,0
56.806,49.408,1,0
26.767,81.392,0,0
19.403,100.644,2,0
9.811,15.0,3,0
15.36,104.362,0,0
14.707,66.497,0,0
7.09,22.903,1,1
1.887,15.0,3,0
14.425,31.765,2,0
34.426,69.507,0,0
47.781,68.353,0,0
40.06,85.83,2,1
41.66,56.263,0,0
7.923,42.299,1,0
24.612,59.673,0,0
29.868,70.84,0,0
31.232,75.769,4,1
19.071,50.271,1,0
22.441,92.536,1,0
39.25,54.465,0,0
29.105,48.257,0,0
33.009,56.44,0,0
13.881,96.871,0,1
31.804,66.68,1,0
22.219,52.637,2,1
36.573,93.153,2,0
11.313,123.569,0,1
34.544,75.242,1,0
15.53,100.846,1,1
34.655,95.902,3,0
24.729,54.859,0,1
21.01,70.666,2,1
16.219,37.936,0,0
19.468,64.876,2,0
14.453,54.345,1,0
15.95,59.928,0,0
28.552,51.253,2,0
3.895,62.823,1,0
34.327,83.306,0,0
34.728,67.013,1,0
16.612,23.391,0,0
22.879,51.347,1,0
8.892,32.015,2,0
27.244,76.102,1,0
9.935,82.583,0,0
0.55,76.414,1,1
46.555,50.315,3,0
7.998,76.171,0,1
19.146,58.247,2,0
23.528,41.544,1,0
28.507,88.548,0,0
20.468,90.451,2,1
25.073,93.722,2,0
16.302,54.791,0,0
4.734,99.484,3,1
19.872,57.66,3,1
31.333,86.338,0,0
8.466,57.227,1,0
23.707,64.4,0,0
65.495,15.0,1,0
18.883,62.452,3,0
19.639,72.277,3,1
4.32,59.749,0,1
7.551,113.905,1,1
10.032,40.938,1,1
30.476,55.91,0,0
9.011,47.378,2,0
26.84,55.906,3,1
10.862,95.785,1,1
4.51,106.951,1,0
33.132,52.48,2,0
14.84,51.925,2,1
28.659,41.072,0,0
4.34,102.657,1,1
1.626,98.025,2,1
22.073,67.35,0,0
7.294,35.098,2,0
21.837,37.333,0,0
22.192,74.266,3,1
20.124,83.733,3,1
41.434,18.346,2,0
26.499,61.967,0,0
65.452,110.457,1,0
15.17,64.562,2,0
6.007,107.241,0,1
11.511,86.226,0,0
15.914,42.893,2,0
69.108,62.683,1,0
21.008,66.783,0,0
42.493,46.187,2,0
14.157,45.753,2,1
12.766,107.669,1,1
4.143,45.566,1,0
67.653,96.961,1,0
52.269,59.088,2,0
23.889,69.359,1,0
16.675,84.046,1,1
21.619,55.036,2,1
5.762,84.198,1,0
28.621,18.839,1,0
49.403,80.993,2,1
51.081,15.0,2,0
4.342,64.329,0,1
42.225,91.356,0,0
5.802,85.557,2,1
1.8,37.54,0,1
43.316,40.758,2,0
13.223,52.783,0,0
39.22,74.655,0,0
36.833,19.202,0,0
33.638,69.669,1,0
21.419,77.786,0,1
6.484,62.924,1,0
15.941,83.133,1,0
51.654,75.593,0,0
39.922,56.459,0,0
16.624,21.595,3,1
16.46,73.335,3,1
31.556,46.173,4,0
22.608,55.541,1,0
17.322,81.978,0,1
29.705,105.433,1,0
29.001,69.048,1,0
11.789,83.852,0,1
26.052,33.888,0,0
27.744,76.138,1,0
20.195,68.502,1,0
10.715,100.731,3,1
15.542,56.489,0,0
8.861,63.959,2,0
26.572,96.47,2,1
4.369,67.699,1,0
55.245,42.279,0,0
47.85,133.791,3,1
28.225,43.035,2,0
38.324,68.382,0,0
36.572,78.667,2,0
22.87,76.69,1,0
17.707,65.256,2,0
16.15,65.381,2,1
56.607,64.127,1,0
10.377,42.102,0,0
10.56,123.755,0,0
40.671,64.5,1,0
38.069,84.923,0,0
16.898,61.634,0,0
30.423,61.131,1,0
33.307,58.614,1,0
6.17,31.254,1,0
49.938,65.984,1,0
33.299,59.825,1,0
28.604,99.288,0,0
33.481,40.082,0,0
26.172,55.571,0,0
19.311,47.539,3,0
23.023,106.063,1,1
5.611,48.265,1,0
71.699,84.057,2,0
19.06,94.254,2,1
70.896,66.347,0,0
23.316,35.58,2,0
12.666,35.896,1,0
48.976,91.494,1,0
27.777,38.485,0,0
72.0,79.801,0,0
12.393,72.859,2,1
50.361,79.428,0,0
52.162,81.79,2,0
35.268,46.658,1,0
52.454,45.612,1,0
19.403,87.873,2,1
10.331,54.266,3,1
13.645,15.0,2,1
22.129,86.219,0,0
36.541,44.093,0,0
10.984,81.678,1,1
16.162,104.821,0,0
11.768,70.419,1,1
41.127,94.894,1,0
70.529,73.845,0,0
8.81,109.686,1,1
31.45,43.447,2,0
44.696,69.795,0,0
18.093,86.829,1,0
5.928,65.24,0,0
48.668,98.805,3,0
5.555,59.199,0,0
58.465,121.734,1,0
11.554,123.055,0,1
4.733,77.052,0,0
14.508,83.815,0,0
20.811,99.792,1,0
24.246,40.32,1,0
33.337,37.2,1,0
25.889,101.41,3,1
66.769,76.85,2,0
20.067,64.337,1,0
26.905,70.278,1,0
25.283,15.0,2,0
4.14,65.236,2,1
7.336,51.174,1,1
22.196,92.952,1,0
29.32,94.876,3,1
2.515,84.417,2,1
68.799,79.886,0,0
31.034,32.566,1,0
21.26,84.766,2,0
30.022,85.735,2,0
13.828,101.13,3,0
24.442,122.955,0,1
27.38,27.686,1,0
49.056,60.288,0,0
18.703,51.443,0,0
5.713,74.313,2,0
10.09,70.335,0,0
17.542,64.148,2,1
6.379,95.69,1,1
9.124,42.465,1,0
10.175,43.972,1,0
16.615,44.394,1,0
30.746,60.992,2,0
15.992,39.285,2,0
32.24,68.786,0,0
21.275,65.863,1,0
9.41,50.337,2,0
27.715,91.844,2,0
24.674,68.512,2,0
32.845,96.566,4,1
37.699,65.124,1,0
50.101,69.395,0,0
31.483,55.93,1,0
24.076,69.824,6,1
32.952,87.806,2,0
14.737,59.717,0,0
13.853,82.96,0,1
54.736,49.681,1,0
13.518,88.976,2,1
10.409,55.502,4,1
31.471,91.292,1,0
14.84,71.524,0,0
37.434,108.024,1,0
47.638,41.148,1,0
11.722,33.096,1,0
34.186,54.595,0,0
13.25,35.385,1,1
17.839,35.432,1,0
26.803,85.539,0,0
13.879,69.896,0,0
25.072,58.008,3,0
19.009,60.326,1,1
38.018,55.069,0,0
38.086,111.259,1,0
13.935,51.612,1,0
27.245,36.947,1,0
42.096,89.901,1,0
8.988,64.606,2,1
18.918,120.969,0,0
26.392,56.845,0,0
8.639,91.15,0,0
15.319,97.055,0,0
62.231,56.967,0,0
13.484,51.427,4,1
14.738,88.534,4,1
31.226,84.372,1,0
7.7,34.735,0,0
19.237,41.789,1,0
10.498,15.0,0,0
25.037,84.885,0,0
0.669,63.454,0,0
22.567,65.946,2,0
26.923,27.714,1,0
15.639,42.547,2,0
16.433,58.051,1,1
14.126,53.192,3,0
19.043,72.946,3,1
55.219,84.587,1,0
38.834,126.74,0,0
19.028,69.5,1,1
15.323,97.885,0,1
36.367,49.251,4,0
23.871,28.126,1,0
8.444,61.192,0,0
17.37,30.057,1,0
51.372,70.367,1,0
30.36,50.489,0,0
15.458,21.143,0,0
5.316,113.401,1,1
24.946,56.561,1,0
21.362,29.06,1,0
18.579,92.454,1,0
36.648,51.785,0,0
30.626,97.254,1,1
5.504,51.665,1,1
21.452,56.478,0,0
6.957,78.621,0,0
14.32,84.83,2,1
6.467,89.212,1,0
6.695,67.756,3,1
27.188,83.215,2,1
25.288,88.641,0,0
20.273,75.014,3,1
13.327,66.434,2,0
6.011,33.868,1,1
14.374,84.979,1,0
25.37,71.054,1,1
24.952,59.66,2,0
50.664,101.944,0,0
45.903,34.304,1,0
20.882,111.101,1,1
14.252,69.443,1,0
10.731,77.938,1,1
5.122,60.124,0,1
7.693,28.323,1,0
25.397,66.51,2,0
32.12,78.369,0,0
16.63,86.906,1,1
72.0,65.049,0,0
7.763,15.187,1,0
4.62,31.458,0,0
72.0,121.3,1,0
5.726,42.687,0,0
16.452,105.676,2,1
11.512,46.648,0,0
26.768,65.439,1,0
15.491,85.63,1,0
32.19,49.495,2,0
37.16,109.805,0,0
5.07,71.893,0,0
10.43,81.521,0,0
34.13,63.31,2,0
42.319,86.468,0,0
23.41,109.47,2,1
28.195,66.718,2,0
52.819,113.243,1,0
15.646,54.71,0,0
23.222,89.102,1,0
45.937,82.228,2,0
47.875,43.285,1,0
19.153,75.345,0,0
10.719,70.184,1,1
18.992,48.67,1,0
20.405,78.95,2,0
10.387,73.657,2,1
11.753,68.185,1,0
47.92,68.286,0,0
29.126,67.75,1,0
16.515,60.808,2,1
8.208,73.496,0,0
11.872,53.902,0,0
4.24,136.42,0,1
23.859,34.767,1,0
11.33,55.382,2,0
25.246,57.356,0,0
33.889,121.012,0,1
25.513,36.997,2,0
14.957,80.648,2,0
9.933,76.21,1,0
7.152,78.34,1,0
44.856,100.909,0,0
24.72,100.396,0,0
15.638,58.726,2,1
30.849,74.85,1,1
40.123,23.397,0,0
11.53,72.477,1,0
24.185,50.15,2,0
24.54,65.34,4,1
51.334,27.866,0,0
15.467,80.122,1,0
9.624,27.586,2,0
26.141,73.707,0,0
32.641,39.337,2,0
22.767,48.759,0,0
53.66,98.868,3,0
15.428,84.698,3,0
23.182,98.73,1,0
5.486,108.993,2,1
9.162,50.679,3,1
11.592,107.474,1,0
17.495,33.362,2,0
6.397,88.653,2,1
30.547,57.667,1,0
10.744,46.742,2,0
72.0,85.362,1,0
11.069,93.624,0,0
21.462,92.882,1,0
19.518,75.371,2,1
8.487,73.299,2,1
17.547,83.172,2,1
17.381,77.594,0,1
37.185,83.534,1,1
26.842,75.1,2,0
30.237,91.07,2,1
36.635,29.32,2,0
30.577,66.718,2,0
24.04,35.404,2,0
11.503,76.918,1,0
22.944,111.048,0,1
9.757,58.148,0,0
18.579,73.181,1,0
16.787,88.912,0,0
17.618,18.307,1,0
6.459,56.947,0,0
0.69,79.113,0,1
14.476,15.0,3,1
42.536,45.58,2,0
21.231,97.521,0,0
40.482,95.075,1,0
9.813,79.358,0,1
13.913,92.055,2,0
72.0,75.378,0,0
10.332,83.885,3,1
29.827,62.109,1,0
29.795,72.895,3,0
27.549,54.191,2,0
30.091,101.587,0,0
10.205,108.039,2,0
15.032,104.498,1,1
1.059,59.797,0,0
52.474,46.156,0,0
29.965,101.924,0,0
11.603,83.598,0,0
9.906,78.215,1,0
43.031,54.159,0,0
10.931,80.642,1,0
11.573,42.868,1,0
8.164,85.852,0,1
33.945,104.472,1,0
40.084,110.776,0,0
16.867,87.713,0,0
40.259,35.449,1,0
25.923,74.933,1,0
7.722,123.492,0,1
49.983,48.285,1,0
8.086,68.52,0,1
17.821,105.338,1,0
16.905,85.428,1,0
14.664,132.004,2,1
2.888,51.678,0,0
69.54,45.256,2,0
3.372,100.603,1,1
52.055,40.103,1,0
9.616,65.081,1,0
12.522,68.359,1,0
48.719,95.9,4,1
27.929,85.357,1,0
5.675,81.427,2,1
5.559,59.939,2,0
25.092,100.375,2,1
7.959,170.646,3,1
28.861,87.282,2,1
30.956,72.492,3,0
10.524,37.553,2,0
13.084,54.063,1,0
25.681,64.657,0,0
10.131,56.635,3,1
21.252,69.598,1,1
72.0,114.45,1,0
26.564,101.179,1,0
14.829,66.029,2,0
72.0,39.793,1,0
35.627,103.434,2,0
8.136,68.774,2,1
9.575,26.837,2,0
3.836,87.811,1,0
25.347,95.642,2,0
2.301,15.0,3,1
72.0,49.386,0,0
16.273,67.239,1,0
37.145,88.363,1,0
15.136,57.106,1,0
25.028,49.196,1,0
18.008,88.179,1,0
20.801,58.292,1,0
45.199,83.551,1,0
60.203,42.212,2,0
57.151,36.192,0,0
72.0,88.882,1,0
11.109,76.313,1,1
26.807,93.061,3,0
11.33,56.685,3,0
43.955,50.122,3,0
8.501,104.018,1,1
45.729,31.926,1,0
23.336,101.287,1,0
18.805,103.013,0,0
20.486,91.502,0,1
7.174,52.805,0,0
7.757,49.587,2,0
23.642,64.749,2,0
23.525,37.624,1,0
11.771,45.958,0,0
16.133,86.118,2,0
28.443,86.234,1,1
10.083,43.761,1,0
3.353,86.903,1,1
53.733,81.358,1,0
24.87,107.747,0,0
13.605,84.228,1,0
11.3,96.465,2,1
9.997,81.927,2,1
43.837,94.498,2,0
6.063,37.822,0,0
26.757,66.956,0,0
26.741,69.025,2,1
34.373,63.906,2,0
14.693,81.097,3,1
50.716,85.859,0,0
35.082,79.806,0,0
14.293,65.576,1,1
10.851,51.607,1,0
18.047,97.43,1,0
13.906,78.743,1,0
9.363,44.535,3,1
21.181,65.158,4,1
16.217,26.418,1,0
58.871,70.884,1,0
13.888,65.041,1,0
10.767,55.638,2,0
20.159,109.615,0,0
24.297,41.096,2,0
25.674,87.66,1,0
25.493,124.668,1,1
20.681,96.932,1,1
19.559,69.212,2,0
31.08,41.648,1,0
8.618,35.948,3,1
10.834,59.711,3,1
4.625,52.825,1,1
8.746,52.011,2,0
40.952,61.842,1,0
30.161,67.444,2,0
64.088,82.13,1,0
54.256,39.055,2,0
30.344,52.944,1,0
22.442,66.008,0,0
20.453,65.113,2,1
2.125,115.911,4,1
18.77,75.806,3,0
12.515,29.66,1,0
9.103,80.455,0,0
26.993,83.642,1,1
17.064,66.872,4,1
21.41,39.665,1,0
7.934,113.951,2,1
36.13,43.253,0,0
13.833,86.519,1,1
25.972,75.001,1,0
14.802,85.02,4,1
1.652,112.671,3,1
27.78,84.041,0,0
17.949,56.033,2,0
4.289,97.65,1,0
7.056,54.223,1,0
36.864,74.089,1,0
4.521,37.673,0,0
13.537,44.168,1,0
67.789,71.285,1,0
28.294,79.202,2,0
33.406,27.44,0,0
15.924,82.432,6,1
3.89,49.514,3,1
22.961,101.992,1,0
7.538,61.201,2,1
6.86,41.909,0,0
21.04,71.895,1,0
8.044,47.094,1,0
19.258,101.724,2,1
11.148,70.013,1,1
18.752,66.208,1,1
12.824,84.795,1,1
19.153,44.876,2,0
51.292,37.771,1,0
33.935,80.209,3,0
17.553,42.508,1,0
45.909,42.5,3,1
26.242,90.919,1,0
43.795,83.127,3,0
5.071,38.654,1,0
8.131,54.522,0,0
22.762,47.407,0,0
17.216,114.408,0,1
19.188,92.65,0,0
29.362,59.479,1,0
22.931,84.405,1,0
36.221,36.095,4,0
35.539,53.184,2,0
8.488,72.622,1,1
1.736,81.306,0,1
7.992,67.564,1,0
7.519,76.2,1,1
20.301,71.958,0,0
20.105,65.911,1,0
16.414,62.596,1,0
26.975,59.343,0,0
72.0,75.798,0,0
16.132,80.27,1,0
23.469,74.959,1,0
19.184,40.535,2,0
11.884,45.027,2,1
29.556,79.972,2,1
15.507,106.792,0,0
9.825,73.81,3,1
10.484,59.708,1,0
37.125,75.609,1,0
29.038,41.579,2,0
13.017,102.724,0,1
26.658,74.665,1,0
19.358,53.264,1,0
23.768,65.83,1,1
11.622,56.824,1,1
7.741,102.792,1,1
15.438,64.944,2,0
9.015,73.884,2,1
8.424,84.343,4,1
5.379,51.481,1,0
1.754,74.843,1,1
13.208,76.861,2,1
41.973,31.148,2,0
35.061,76.317,2,0
56.486,68.856,2,0
8.095,73.249,2,1
30.924,70.891,2,0
17.49,76.479,3,0
10.499,103.434,3,1
38.734,40.512,1,0
17.628,61.446,3,0
3.346,86.665,0,1
34.8,82.023,2,1
25.349,81.485,1,1
21.183,138.839,2,1
6.669,85.353,2,1
23.068,98.273,1,1
51.383,62.323,0,0
24.84,45.177,1,0
4.607,62.142,2,1
26.229,87.799,5,1
25.03,80.171,1,1
32.719,80.081,2,0
24.523,64.641,3,0
8.45,60.655,2,1
20.33,65.504,0,0
15.653,88.112,2,0
22.193,91.018,0,0
39.713,44.844,1,0
11.118,89.059,3,1
62.225,53.732,1,0
26.106,81.723,4,1
34.938,65.201,1,0
31.731,109.145,2,1
25.351,59.548,1,0
28.813,74.465,0,0
0.176,85.165,2,1
31.689,48.151,1,0
9.062,68.179,0,0
18.452,63.335,0,0
25.222,57.155,1,0
40.937,59.007,1,0
9.064,97.8,1,0
13.482,55.036,0,0
15.013,84.16,2,0
22.394,77.865,1,0
15.766,35.075,2,0
28.905,82.979,1,0
3.5,34.662,2,0
17.34,85.702,0,1
54.78,57.32,0,0
15.8,70.209,4,1
26.177,37.643,5,0
36.702,73.06,2,0
25.566,93.174,1,0
65.908,49.826,1,0
20.692,54.821,2,0
29.938,81.366,0,0
23.084,81.99,1,0
47.575,15.0,1,0
14.025,120.385,2,0
69.417,83.214,3,0
11.355,87.423,1,1
58.279,66.411,3,1
8.14,23.616,0,0
30.621,86.868,2,0
19.358,55.87,2,0
36.18,83.598,0,0
26.644,64.53,0,0
34.839,75.951,3,0
7.883,50.625,2,0
4.232,91.61,2,0
6.74,40.291,1,0
6.579,126.139,1,1
7.795,125.949,1,1
12.01,110.817,1,1
11.921,101.887,0,0
19.707,67.886,1,0
9.649,99.164,0,1
10.334,67.596,0,0
16.559,31.162,0,0
39.638,107.58,2,0
13.831,98.221,1,0
18.729,69.217,1,1
21.112,39.37,1,0
8.642,55.345,1,0
14.943,24.471,3,0
11.053,93.627,2,0
37.098,29.917,2,0
35.023,77.171,1,1
10.117,48.908,1,1
18.456,34.332,0,0
29.954,75.959,2,0
24.578,61.655,6,1
26.522,90.955,1,1
8.69,38.31,0,1
56.875,51.067,1,0
11.815,15.0,2,1
11.535,15.391,1,0
5.98,114.955,1,1
17.129,122.09,0,1
42.522,72.318,2,1
24.398,49.404,1,1
18.183,62.539,1,0
33.273,91.839,2,0
41.808,57.14,0,0
34.969,75.941,1,1
3.011,69.681,0,1
33.472,55.78,1,0
27.279,56.845,0,0
9.925,77.333,4,1
27.361,45.578,1,0
42.581,81.293,1,0
12.254,58.211,0,0
36.699,73.184,0,0
24.791,104.599,1,1
0.493,65.795,3,1
19.223,92.995,0,1
24.078,25.199,2,0
15.421,58.241,1,0
25.466,70.692,1,1
17.678,118.083,0,0
72.0,21.001,1,0
14.567,67.595,1,0
10.175,106.417,2,1
35.43,50.374,1,0
16.093,64.679,1,1
18.42,78.293,1,0
17.227,74.613,1,1
34.085,109.144,0,0
7.739,81.212,1,0
36.649,103.194,2,0
28.893,61.0,3,0
62.354,51.487,2,0
22.721,64.357,0,0
8.275,41.022,0,0
22.906,82.088,1,0
25.037,60.353,2,1
45.096,53.205,0,0
8.256,82.466,2,1
4.611,41.407,0,0
23.261,89.263,0,0
64.145,58.042,2,0
31.938,98.977,0,0
33.248,60.182,0,0
5.823,85.798,2,1
20.493,74.489,1,0
45.674,88.598,2,0
25.254,72.749,1,0
4.278,28.415,2,1
20.185,95.22,1,0
30.383,67.808,0,0
18.546,89.738,4,1
9.223,87.256,2,1
36.181,50.668,2,0
14.099,47.13,3,0
27.023,86.384,2,1
19.779,62.419,5,1
13.663,93.411,2,1
68.921,65.545,0,0
12.423,95.585,0,0
21.059,80.583,1,0
19.731,77.199,1,0
22.832,60.65,5,1
65.58,75.811,0,0
30.411,99.821,0,0
13.555,68.645,0,1
52.502,83.279,1,0
34.193,71.159,2,1
13.776,73.115,6,0
47.211,113.085,0,0
5.758,100.043,1,1
7.44,71.985,0,1
3.966,75.361,0,1
2.209,52.453,0,0
44.956,65.676,0,0
23.047,77.735,0,0
4.394,91.265,2,1
19.338,88.731,1,1
37.489,42.269,1,0
10.612,94.425,1,0
15.423,67.781,4,1
71.069,45.325,1,0
16.58,103.41,0,0
4.801,106.582,3,1
12.873,76.594,0,0
4.064,87.72,1,1
32.2,89.186,1,0
9.319,104.894,0,1
9.051,88.202,0,1
72.0,36.808,1,0
6.667,120.245,2,1
5.517,96.641,1,0
7.818,57.262,0,0
38.31,44.259,1,0
29.246,82.62,4,1
12.731,63.043,1,0
11.76,78.25,0,1
27.646,88.585,2,0
23.71,55.839,5,1
17.454,42.097,3,1
29.978,79.645,1,0
7.324,56.665,0,0
9.465,73.652,1,0
31.113,36.417,1,0
25.164,63.695,1,0
20.402,87.874,3,1
72.0,85.148,1,0
34.794,50.291,2,0
13.059,40.793,1,0
10.232,70.394,0,0
26.054,84.026,2,1
44.861,80.129,2,1
3.392,57.196,1,0
24.68,77.446,3,1
15.214,107.559,0,0
23.042,75.129,1,0
5.111,29.171,3,1
44.839,75.08,0,0
53.272,121.099,1,0
32.57,37.815,0,0
60.601,70.743,0,0
14.598,64.342,2,1
24.248,72.397,0,0
32.915,74.856,2,0
26.308,98.499,1,0
16.177,72.12,1,1
17.605,101.931,1,1
50.046,67.059,0,0
19.611,61.247,1,0
43.109,53.27,1,0
18.824,24.573,1,0
42.932,76.895,2,0
21.266,121.35,4,1
30.994,81.456,2,0
11.383,87.169,4,1
24.208,59.674,1,0
11.53,63.892,2,1
14.304,94.616,2,1
15.278,120.217,3,1
17.366,107.199,0,1
39.569,90.131,0,0
13.851,70.879,1,0
22.385,75.243,2,1
43.027,51.162,2,0
30.533,33.796,1,0
3.476,41.83,2,1
4.966,71.245,1,1
26.67,62.7,0,0
13.275,33.264,2,0
4.258,69.067,2,1
12.475,62.039,3,1
27.405,40.679,0,0
15.14,60.746,2,1
20.781,61.976,2,1
16.264,54.584,2,1
11.032,93.167,4,1
23.86,22.427,3,1
3.774,20.355,0,0
9.842,70.082,2,0
34.702,72.403,1,1
5.134,80.105,1,1
19.99,56.526,1,1
14.183,47.052,1,0
13.089,69.817,0,0
37.045,58.961,0,0
42.174,108.777,1,1
7.8,61.894,1,1
17.479,68.67,1,0
2.699,131.885,2,1
35.596,65.131,1,0
19.194,83.904,1,0
4.769,86.158,1,1
10.274,88.285,2,1
7.151,77.237,1,0
9.755,74.846,3,1
3.03,72.508,3,0
49.685,55.6,2,0
8.085,78.138,1,1
19.954,120.716,2,1
27.223,100.267,1,1
42.216,77.598,0,0
20.487,91.396,2,1
16.065,48.271,0,0
21.15,63.487,1,0
7.758,93.696,1,1
8.367,107.179,1,0
15.765,50.728,0,0
1.857,57.91,3,1
11.239,124.534,1,1
13.469,72.407,1,1
66.712,115.584,3,0
45.986,75.171,0,0
27.151,76.155,2,0
36.22,62.363,2,0
8.301,93.564,2,1
21.585,103.944,1,0
33.145,44.125,0,0
8.372,61.189,0,0
4.981,92.877,1,1
25.101,66.761,1,1
5.593,57.665,0,1
28.972,95.239,0,0
41.722,97.586,1,0
8.623,58.759,0,0
9.251,75.309,3,1
40.884,39.788,3,0
20.572,47.613,0,0
37.2,73.104,1,0
16.235,70.785,1,0
17.227,45.828,0,0
20.164,52.101,0,1
57.888,43.374,0,0
35.205,81.376,1,0
10.917,20.809,1,0
22.772,44.711,3,0
15.336,23.426,1,0
13.088,80.476,2,1
28.393,24.932,1,0
24.365,70.793,1,1
8.716,110.988,0,0
20.203,111.836,3,1
12.752,24.852,3,0
27.114,77.46,0,1
12.278,45.276,3,0
17.31,40.172,0,0
13.392,67.163,0,0
3.622,100.707,2,1
55.982,84.991,0,0
20.033,52.121,1,0
57.284,87.626,2,0
20.731,15.0,1,0
32.097,51.176,0,0
11.555,49.403,1,0
11.806,71.958,1,1
19.186,64.929,0,0
56.942,66.463,1,0
8.999,65.632,2,1
2.687,70.56,1,0
40.238,83.503,0,0
33.496,73.733,0,0
14.027,62.891,2,0
71.889,80.044,1,0
72.0,90.653,0,0
3.337,56.099,0,0
11.323,68.515,1,1
19.08,99.048,1,1
26.583,42.431,1,0
23.761,115.118,1,1
19.976,36.521,3,0
7.788,61.366,2,0
29.015,46.245,2,0
30.198,124.698,2,0
38.31,57.416,1,0
6.785,57.479,1,0
16.787,60.731,1,0
13.467,72.39,0,0
6.662,61.789,0,0
16.577,66.678,0,0
8.159,15.0,0,0
5.622,71.429,3,1
33.799,70.445,1,0
13.965,95.964,3,1
10.853,102.727,1,1
44.852,65.307,1,0
30.842,90.406,3,1
2.345,42.461,5,1
26.709,89.184,1,0
26.617,55.688,2,0
16.031,40.383,0,0
15.549,65.36,1,0
4.115,105.012,2,1
71.347,74.525,1,0
16.526,107.412,1,1
25.667,51.282,1,0
17.26,96.196,1,0
11.01,53.696,1,0
35.634,75.633,1,0
22.257,75.417,0,0
16.637,86.537,1,1
25.467,76.269,3,1
18.534,51.52,1,0
59.894,92.008,1,0
34.797,113.291,4,1
28.536,55.405,0,0
4.673,24.119,2,1
29.25,82.483,2,0
28.732,61.72,0,0
8.295,66.722,1,1
4.559,83.904,1,0
33.808,58.59,2,1
36.79,63.279,1,0
11.858,67.497,1,1
11.406,106.744,1,1
21.972,70.752,1,1
13.928,39.108,4,0
4.451,40.103,5,0
8.208,73.481,0,0
24.989,41.764,2,0
8.643,30.942,2,0
38.079,85.888,1,0
28.402,87.112,1,1
25.724,60.797,1,0
21.629,77.341,2,0
10.584,74.703,2,0
31.216,85.06,0,0
10.322,85.119,1,1
39.55,15.0,1,0
53.763,63.988,1,0
22.159,82.948,0,0
49.079,59.739,1,0
8.314,70.905,1,1
28.63,88.767,1,0
19.593,72.023,4,0
34.214,107.698,1,0
2.519,98.175,1,0
32.808,67.036,1,0
11.473,65.049,1,1
20.338,15.0,1,0
70.546,61.837,2,0
29.317,36.168,3,0
26.626,75.531,1,1
25.084,73.822,2,0
42.402,87.396,0,0
35.033,104.917,1,1
25.287,69.343,2,1
23.057,127.01,1,1
21.938,75.811,0,1
18.78,37.245,2,0
6.675,55.948,2,0
28.872,60.681,1,1
12.464,84.803,0,0
17.065,46.319,2,0
36.687,62.551,1,0
19.121,65.974,1,0
17.998,58.797,0,0
22.209,90.285,2,0
15.39,86.033,1,1
69.551,99.164,2,0
63.342,61.724,2,0
62.253,100.063,1,0
25.145,35.9,0,0
11.806,35.29,0,0
37.372,39.655,0,0
15.485,70.23,1,1
39.652,100.059,1,0
11.343,54.946,0,0
26.471,58.083,1,0
43.525,64.6,1,0
16.182,84.321,1,1
16.135,58.059,1,1
5.065,56.665,1,0
11.643,36.365,0,0
24.789,55.707,1,0
27.571,99.437,2,0
30.499,72.273,2,1
3.234,51.504,0,0
15.544,100.904,1,0
5.705,55.37,0,0
23.888,105.499,0,0
4.122,105.09,1,1
7.459,71.4,1,1
34.618,32.536,2,0
12.804,127.238,0,1
49.359,79.682,1,0
31.065,61.903,1,0
16.254,93.903,1,0
38.454,87.558,3,0
17.362,102.773,2,0
33.259,53.441,2,0
11.159,77.962,1,1
39.993,40.353,1,0
4.557,86.658,1,1
7.448,69.426,2,1
8.699,77.025,1,0
12.19,66.341,1,1
25.436,63.725,0,0
19.911,48.294,3,1
33.526,89.761,1,0
43.936,107.243,3,0
4.031,56.083,0,1
47.544,83.839,2,0
17.063,80.805,4,1
61.46,70.202,1,0
10.736,31.835,1,1
2.825,37.46,1,1
31.312,50.475,0,0
29.952,16.525,0,1
7.637,105.201,1,1
8.377,79.193,0,1
35.283,69.251,0,0
26.33,15.244,1,0
15.741,24.403,1,1
28.272,69.941,0,1
24.467,119.262,0,1
9.215,52.534,1,0
37.121,91.595,0,0
32.292,58.002,0,0
20.257,71.381,1,0
35.299,100.367,0,0
66.539,61.351,3,0
8.285,52.747,4,1
16.311,105.452,2,1
16.956,71.139,0,1
34.765,97.28,1,0
12.063,52.869,2,0
33.427,105.167,0,0
13.293,76.841,3,0
7.415,80.87,0,0
21.171,73.291,0,0
13.054,57.363,0,0
22.77,69.958,1,0
26.903,58.935,0,0
4.365,93.989,1,1
14.33,64.924,0,1
21.184,32.587,1,0
35.403,28.014,2,0
32.458,26.832,2,0
9.931,85.449,2,1
17.617,41.212,1,0
27.913,77.502,1,1
16.676,73.414,2,0
10.8,68.382,0,0
19.334,80.96,1,1
26.059,73.958,0,0
9.099,15.0,0,0
30.087,61.909,1,0
22.125,80.628,2,0
30.858,111.007,1,1
19.007,112.161,0,0
60.048,35.921,1,0
25.697,61.257,2,1
33.326,30.847,2,0
30.001,107.997,2,0
17.439,95.321,1,0
24.063,78.765,0,0
12.302,74.152,0,0
57.207,104.516,3,0
27.763,100.283,1,1
10.254,98.951,1,1
48.801,81.417,0,0
18.135,61.269,2,1
36.606,89.178,4,0
4.239,90.401,0,1
42.976,65.234,0,0
26.958,61.219,1,0
9.55,98.333,2,1
26.624,111.603,2,1
53.463,51.265,2,0
12.609,63.416,0,0
12.47,78.773,2,0
17.235,82.165,1,1
21.036,56.941,0,0
38.256,117.088,1,0
28.028,80.552,1,0
17.223,83.285,2,1
24.817,113.972,2,1
59.262,58.773,1,0
31.493,67.789,0,0
18.668,38.667,1,0
16.835,65.691,3,1
23.769,32.777,0,0
37.938,88.696,1,0
11.174,80.5,4,1
34.479,63.073,0,0
18.385,67.489,2,0
20.493,89.037,0,0
72.0,41.605,1,0
32.121,75.104,1,0
13.389,87.488,1,0
26.902,25.443,2,0
39.23,87.123,5,1
32.365,28.148,1,0
2.277,67.06,2,1
19.866,40.915,1,0
27.738,105.781,1,1
26.184,41.072,2,0
14.276,28.745,2,0
32.747,73.334,1,0
43.099,59.657,1,0
4.514,32.385,0,1
4.08,83.145,2,1
26.735,20.213,1,0
34.617,44.094,2,0
12.653,55.62,0,1
2.449,90.056,1,1
20.115,102.387,1,1
26.462,97.57,0,1
16.178,66.168,0,0
39.886,15.0,0,0
25.335,79.771,1,0
11.561,106.764,2,1
12.573,100.845,1,1
20.441,81.574,0,0
15.335,40.262,0,0
3.803,56.867,0,0
23.806,118.345,0,1
12.845,34.582,1,0
14.675,41.304,0,0
8.218,93.564,1,0
54.379,59.221,1,0
30.825,40.456,2,0
63.228,108.199,2,0
16.115,81.526,2,1
32.043,60.455,1,0
24.106,41.356,2,0
11.94,121.185,1,0
15.987,69.389,3,0
30.785,104.933,1,0
8.207,92.341,2,1
40.151,56.977,0,0
22.696,57.176,0,0
36.667,106.158,2,0
26.537,106.563,1,0
4.552,23.077,1,0
19.878,83.745,0,1
40.735,66.97,2,0
22.453,44.167,2,1
20.261,76.544,2,0
22.437,36.26,2,0
3.482,58.339,1,0
43.561,50.038,2,0
1.738,57.505,1,1
49.638,68.213,2,0
15.232,44.611,1,0
27.856,109.329,3,1
3.149,82.332,2,1
34.362,114.864,2,0
30.47,65.998,0,0
29.2,56.28,1,0
2.984,113.96,3,1
10.627,55.549,3,0
26.636,65.543,0,0
42.778,88.001,0,1
9.301,39.057,1,0
9.531,87.782,2,1
25.411,84.584,1,0
72.0,101.733,1,0
12.118,92.251,0,0
15.086,102.499,0,1
13.363,67.239,1,0
18.417,48.433,2,0
45.046,122.75,0,0
19.17,31.833,0,0
72.0,34.337,2,0
21.864,84.128,1,0
47.945,110.625,1,1
15.991,74.739,0,0
6.695,94.983,1,1
19.146,20.105,1,0
29.506,57.511,0,0
10.709,23.151,1,1
43.023,89.51,1,1
13.898,31.319,0,0
8.221,38.055,1,0
72.0,82.851,1,0
10.23,96.546,1,1
13.567,66.026,0,0
32.945,84.254,3,0
15.56,83.445,0,1
8.496,64.614,1,0
12.492,42.632,1,0
65.967,84.122,1,0
30.243,85.327,1,0
34.481,92.351,2,1
24.526,77.802,2,0
27.591,40.788,4,0
14.638,87.259,1,0
22.352,69.965,0,0
2.683,57.932,1,1
38.992,62.634,0,0
14.531,52.744,1,0
7.266,92.221,2,1
23.301,34.547,0,0
17.411,45.163,3,1
38.058,61.781,0,0
19.468,110.344,1,1
12.267,96.357,4,1
19.826,28.979,2,0
51.604,103.784,3,0
38.915,103.736,1,1
30.188,40.65,0,0
40.06,15.0,2,0
31.824,68.194,0,0
9.591,98.061,1,1
34.672,109.782,3,1
43.288,48.229,0,0
44.923,113.799,1,0
7.852,15.0,0,0
13.599,60.799,1,0
11.987,59.57,0,0
15.869,98.808,1,0
28.021,102.458,0,0
22.873,93.856,3,0
22.878,36.236,1,0
6.006,91.565,1,1
13.186,82.726,2,0
47.139,28.219,2,0
43.163,18.325,2,0
19.221,95.95,0,1
34.737,65.498,2,0
26.263,37.87,2,0
37.368,64.796,0,0
35.781,79.101,2,0
20.4,67.929,1,0
30.318,31.2,3,1
27.501,117.139,1,0
20.807,95.105,3,1
17.592,61.616,0,0
60.17,62.623,3,0
20.826,78.987,1,0
33.283,41.759,1,0
57.198,78.067,2,0
30.283,36.732,0,0
29.346,68.237,0,0
20.916,40.786,2,1
27.85,42.048,1,0
16.474,111.143,2,1
72.0,71.481,1,0
6.146,75.185,0,0
18.442,19.716,0,0
30.629,55.075,1,0
29.364,81.53,0,0
16.451,74.853,2,0
4.128,16.149,1,0
7.171,75.178,0,0
24.047,79.164,2,0
2.894,102.094,1,1
32.134,53.619,1,0
45.603,15.0,2,0
36.116,45.081,2,0
41.048,42.573,0,0
3.031,88.418,1,1
16.965,15.0,0,0
8.94,58.791,1,1
4.907,105.645,2,1
14.306,70.18,4,1
56.281,92.408,1,0
66.499,28.955,0,0
10.008,29.95,1,0
21.934,105.931,3,1
27.573,72.53,4,1
17.061,72.582,0,0
47.783,42.046,0,0
14.484,72.52,2,0
12.589,41.352,1,0
10.482,99.672,2,0
16.967,138.196,0,1
0.933,82.099,2,1
17.603,54.126,2,0
22.936,15.0,1,0
24.006,27.888,2,0
8.455,108.872,1,1
23.673,44.27,2,0
23.315,60.729,1,0
23.694,86.383,4,0
36.594,107.057,1,1
8.134,65.01,2,0
17.22,59.883,0,0
3.829,71.791,3,1
34.309,54.309,3,0
9.345,55.655,1,0
40.476,80.297,2,0
41.438,74.632,3,1
18.552,123.29,0,1
17.812,80.971,1,0
